first_model,second_model,F,p
1,2,12.4019802491903,0.00104793419463756
2,3,2.03555156215629,0.161229756624817
2,4,1.06075405166774,0.309080993628518
4,5,1.47036160759683,0.242303391738121
